device_id;timestamp;pressure_value;temp_value;humidity_value
BME680;2025-12-17-23-54-01;0.97055;22.9121;40.3832
BME680;2025-12-17-23-54-16;0.97057;22.8573;40.692
BME680;2025-12-17-23-54-32;0.97057;22.695;40.5654
BME680;2025-12-17-23-54-48;0.97057;22.7796;40.5971
BME680;2025-12-17-23-55-04;0.97058;22.6513;40.4851
BME680;2025-12-17-23-55-19;0.97058;22.7449;40.5175
BME680;2025-12-17-23-55-35;0.97057;22.6463;40.4554
BME680;2025-12-17-23-55-51;0.97057;22.7363;40.4931
BME680;2025-12-17-23-56-06;0.97057;22.5985;40.5845
BME680;2025-12-17-23-56-22;0.97057;22.6905;40.617
BME680;2025-12-17-23-56-38;0.97056;22.5839;40.5598
BME680;2025-12-17-23-56-53;0.97058;22.6966;42.2883
BME680;2025-12-17-23-57-09;0.97058;22.5737;41.5501
BME680;2025-12-17-23-57-25;0.97058;22.6523;40.976
BME680;2025-12-17-23-57-40;0.97059;22.5453;40.778
BME680;2025-12-17-23-57-56;0.97059;22.6256;40.7913
BME680;2025-12-17-23-58-12;0.97059;22.5125;40.6926
BME680;2025-12-17-23-58-27;0.97059;22.6131;40.8842
BME680;2025-12-17-23-58-43;0.9706;22.5164;41.0681
BME680;2025-12-17-23-58-59;0.97061;22.6116;40.8545
BME680;2025-12-17-23-59-15;0.97061;22.4928;40.8134
BME680;2025-12-17-23-59-30;0.97061;22.5842;40.834
BME680;2025-12-17-23-59-46;0.9706;22.4836;40.8067
BME680;2025-12-18-00-00-02;0.9706;22.5597;40.8724
BME680;2025-12-18-00-00-17;0.9706;22.4603;40.8569
BME680;2025-12-18-00-00-33;0.97061;22.5877;40.8699
BME680;2025-12-18-00-00-51;0.97061;22.4944;40.9018
BME680;2025-12-18-00-01-07;0.97061;22.6074;40.7664
BME680;2025-12-18-00-01-23;0.97061;22.5262;40.6768
BME680;2025-12-18-00-01-38;0.97062;22.6434;40.7526
BME680;2025-12-18-00-01-54;0.97061;22.5406;40.6079
BME680;2025-12-18-00-02-10;0.97061;22.6577;40.7074
BME680;2025-12-18-00-02-22;0.97059;22.9245;40.0043
BME680;2025-12-18-00-09-21;0.97053;23.4539;40.0531
BME680;2025-12-18-00-19-24;0.97057;25.7665;32.5148
BME680;2025-12-18-00-29-28;0.97058;27.9445;32.8626
BME680;2025-12-18-00-39-31;0.9705;28.8063;35.6715
BME680;2025-12-18-00-49-35;0.97041;29.0928;34.3352
BME680;2025-12-18-00-59-38;0.97041;28.9945;34.7364
BME680;2025-12-18-01-09-41;0.97042;28.8203;34.7427
BME680;2025-12-18-01-19-45;0.97043;28.4831;35.8686
BME680;2025-12-18-01-29-48;0.97044;28.1059;36.8419
BME680;2025-12-18-01-39-51;0.97042;27.7324;36.5442
BME680;2025-12-18-01-49-55;0.9704;27.3462;37.0338
BME680;2025-12-18-01-59-58;0.97042;27.0619;37.8745
BME680;2025-12-18-02-10-01;0.97044;26.7025;37.5904
BME680;2025-12-18-02-20-05;0.97048;26.3275;36.626
BME680;2025-12-18-02-30-08;0.97054;26.0307;37.1211
BME680;2025-12-18-02-40-11;0.97061;25.7089;37.4144
BME680;2025-12-18-02-50-14;0.97065;25.4007;37.8167
BME680;2025-12-18-03-00-17;0.97069;25.1883;38.6596
BME680;2025-12-18-03-10-20;0.97072;24.9789;38.8803
BME680;2025-12-18-03-20-24;0.97072;24.7573;38.0697
BME680;2025-12-18-03-30-30;0.97073;24.5599;39.2678
BME680;2025-12-18-03-40-33;0.9707;24.3692;39.5263
BME680;2025-12-18-03-50-36;0.97069;24.1967;40.1805
BME680;2025-12-18-04-00-40;0.97072;24.0091;39.2206
BME680;2025-12-18-04-10-43;0.97077;23.7981;40.1715
BME680;2025-12-18-04-20-46;0.97084;23.6236;39.9554
BME680;2025-12-18-04-30-49;0.97091;23.4775;40.0166
BME680;2025-12-18-04-40-52;0.97097;23.3119;40.6471
BME680;2025-12-18-04-50-55;0.97097;23.1407;40.9392
BME680;2025-12-18-05-00-58;0.97101;23.0019;40.6324
BME680;2025-12-18-05-11-01;0.97103;22.878;41.0062
BME680;2025-12-18-05-21-05;0.97107;22.7484;41.6088
BME680;2025-12-18-05-31-08;0.97111;22.6252;41.6017
BME680;2025-12-18-05-41-11;0.97117;22.5157;41.5374
BME680;2025-12-18-05-51-14;0.97121;22.3846;41.6283
BME680;2025-12-18-06-01-17;0.97123;22.2454;43.0251
BME680;2025-12-18-06-11-20;0.97123;22.1401;41.6852
BME680;2025-12-18-06-21-23;0.97123;22.0334;42.4694
BME680;2025-12-18-06-31-27;0.97127;21.908;44.2324
BME680;2025-12-18-06-41-30;0.97136;21.7915;42.2597
BME680;2025-12-18-06-51-33;0.97139;21.6699;42.9376
BME680;2025-12-18-07-01-36;0.97138;21.5804;42.9531
BME680;2025-12-18-07-11-39;0.97144;21.4878;43.1319
BME680;2025-12-18-07-21-42;0.97161;21.3948;43.2821
BME680;2025-12-18-07-31-45;0.97178;21.2875;43.7988
BME680;2025-12-18-07-41-49;0.97184;21.2051;44.6502
BME680;2025-12-18-07-51-52;0.97187;21.121;44.6401
BME680;2025-12-18-08-01-55;0.97192;21.0325;45.8852
BME680;2025-12-18-08-11-58;0.97195;20.9619;44.4729
BME680;2025-12-18-08-22-01;0.97196;20.8829;44.8647
BME680;2025-12-18-08-32-05;0.97204;20.8081;45.048
BME680;2025-12-18-08-42-08;0.9721;20.7416;44.9928
BME680;2025-12-18-08-52-11;0.97215;20.6782;44.7342
BME680;2025-12-18-09-02-14;0.97216;20.6295;47.4369
BME680;2025-12-18-09-12-17;0.97213;20.5773;45.3283
BME680;2025-12-18-09-22-20;0.97211;20.5162;45.7298
BME680;2025-12-18-09-32-23;0.97201;20.4582;47.3188
BME680;2025-12-18-09-42-29;0.97182;20.3856;46.2986
BME680;2025-12-18-09-52-32;0.97169;20.3303;47.2737
BME680;2025-12-18-10-02-35;0.9716;20.2812;47.2919
BME680;2025-12-18-10-12-38;0.97158;20.2347;45.8904
BME680;2025-12-18-10-22-42;0.97159;20.18;46.0582
BME680;2025-12-18-10-32-45;0.9716;20.1392;47.3488
BME680;2025-12-18-10-42-48;0.97158;20.1026;49.083
BME680;2025-12-18-10-52-51;0.97153;20.0648;48.4176
BME680;2025-12-18-11-02-54;0.97147;20.016;46.4982
BME680;2025-12-18-11-12-58;0.9714;19.9766;48.035
BME680;2025-12-18-11-23-01;0.97134;19.9416;50.4359
BME680;2025-12-18-11-33-07;0.97129;19.9005;49.8756
BME680;2025-12-18-11-43-10;0.97125;19.861;48.1248
BME680;2025-12-18-11-53-13;0.97118;19.8298;49.351
BME680;2025-12-18-12-03-16;0.97116;19.7964;50.6156
BME680;2025-12-18-12-13-20;0.97113;19.7655;48.9627
BME680;2025-12-18-12-23-23;0.97105;19.7314;50.7253
BME680;2025-12-18-12-33-26;0.97098;19.6945;47.1143
BME680;2025-12-18-12-43-29;0.9709;19.6646;50.1921
BME680;2025-12-18-12-53-32;0.97075;19.6289;47.6343
BME680;2025-12-18-13-03-35;0.97058;19.6025;51.3972
BME680;2025-12-18-13-13-38;0.97047;19.5767;48.5914
BME680;2025-12-18-13-23-42;0.97032;19.5497;48.4599
BME680;2025-12-18-13-33-45;0.97015;19.5248;47.0586
BME680;2025-12-18-13-43-48;0.97003;19.4997;47.5591
BME680;2025-12-18-13-53-51;0.9699;19.4847;48.4222
BME680;2025-12-18-14-03-54;0.96977;19.465;47.2213
BME680;2025-12-18-14-13-58;0.96964;19.45;47.9427
BME680;2025-12-18-14-24-01;0.96953;19.4363;48.9789
BME680;2025-12-18-14-34-04;0.96943;19.4201;48.0789
BME680;2025-12-18-14-44-07;0.96932;19.4071;48.4068
BME680;2025-12-18-14-54-10;0.96924;19.4004;48.5956
BME680;2025-12-18-15-04-13;0.96918;19.3883;47.4917
BME680;2025-12-18-15-14-16;0.96911;19.3781;50.1884
BME680;2025-12-18-15-24-20;0.96907;19.3676;49.3628
BME680;2025-12-18-15-34-23;0.96907;19.3558;48.2056
BME680;2025-12-18-15-44-26;0.96906;19.3415;49.286
BME680;2025-12-18-15-54-29;0.96901;19.3214;47.023
BME680;2025-12-18-16-04-32;0.96896;19.3061;47.5913
BME680;2025-12-18-16-14-35;0.96895;19.2937;49.8333
BME680;2025-12-18-16-24-38;0.969;19.2749;47.2355
BME680;2025-12-18-16-34-41;0.96906;19.2625;48.8723
BME680;2025-12-18-16-44-44;0.9691;19.2466;49.7535
BME680;2025-12-18-16-54-48;0.9691;19.2377;53.0475
BME680;2025-12-18-17-04-51;0.96912;19.224;51.7664
BME680;2025-12-18-19-12-15;0.9754;22.0503;42.5047
BME680;2025-12-18-19-12-39;0.97541;22.008;44.2186
BME680;2025-12-18-19-13-28;0;0;0
BME680;2025-12-18-19-20-00;0;0;0
BME680;2025-12-18-19-34-31;0.97539;21.4372;48.6888
BME680;2025-12-18-19-40-00;0.97542;21.0478;37.7045
BME680;2025-12-18-19-43-46;0.97536;21.88;47.4735
BME680;2025-12-18-19-50-00;0.97539;21.0825;41.1442
BME680;2025-12-18-20-00-00;0.97541;20.5295;40.1828
BME680;2025-12-18-20-10-00;0.97541;20.2717;40.6566
BME680;2025-12-18-20-20-00;0.97539;20.1396;40.1331
BME680;2025-12-18-20-30-00;0.97536;20.0768;41.4528
BME680;2025-12-18-20-40-00;0.97532;20.0148;39.6455
BME680;2025-12-18-20-50-00;0.97532;19.9848;39.3655
BME680;2025-12-18-21-00-00;0.97536;19.9377;41.1629
BME680;2025-12-18-21-10-00;0.97535;19.9425;41.7512
BME680;2025-12-18-21-20-00;0.97536;19.9323;45.3635
BME680;2025-12-18-21-30-00;0.97538;19.9428;44.5935
BME680;2025-12-18-21-40-00;0.97536;19.9559;43.2978
BME680;2025-12-18-21-50-00;0.97534;19.9559;42.1754
BME680;2025-12-18-22-00-00;0.97533;19.9645;46.1739
BME680;2025-12-18-22-10-00;0.97534;19.9677;41.7534
BME680;2025-12-18-22-20-00;0.97534;19.9661;42.4652
BME680;2025-12-18-22-30-00;0.97538;19.9619;42.4646
BME680;2025-12-18-22-40-00;0.97544;19.9473;44.6827
BME680;2025-12-18-22-50-00;0.97549;19.9543;42.5055
BME680;2025-12-18-23-00-00;0.97552;19.9419;44.8972
BME680;2025-12-19-06-20-00;0.97569;19.9072;44.4388
BME680;2025-12-19-06-40-00;0.97606;19.8788;45.1418
BME680;2025-12-19-06-50-00;0.97612;19.8626;44.9782
BME680;2025-12-19-07-00-00;0.97614;19.903;42.1595
BME680;2025-12-19-07-10-00;0.97614;19.8145;41.5399
BME680;2025-12-19-07-20-00;0.97617;19.7782;41.1472
BME680;2025-12-19-07-30-00;0.9762;19.6776;52.5987
BME680;2025-12-19-07-40-00;0.97623;18.9133;47.1365
BME680;2025-12-19-07-50-00;0.97632;18.6265;47.5222
BME680;2025-12-19-08-00-00;0.97643;18.9127;54.7348
BME680;2025-12-19-08-10-00;0.97651;19.281;43.1623
BME680;2025-12-19-08-20-00;0.97659;19.4437;48.3591
BME680;2025-12-19-08-30-00;0.97668;19.6038;63.0348
BME680;2025-12-19-08-40-00;0.97677;19.5853;48.5847
BME680;2025-12-19-08-50-00;0.97678;19.6146;39.5847
BME680;2025-12-19-09-00-00;0.97684;19.5958;48.9785
BME680;2025-12-19-09-10-00;0.97692;19.5955;56.9356
BME680;2025-12-19-09-20-00;0.97697;19.5844;64.9853
BME680;2025-12-19-09-30-00;0.97696;19.2959;51.7142
BME680;2025-12-19-09-40-00;0.97697;18.0582;46.0645
BME680;2025-12-19-09-50-00;0.97708;17.9424;45.4539
BME680;2025-12-19-10-00-00;0.97715;18.4508;49.1836
BME680;2025-12-19-10-20-00;0.97734;19.2301;47.7733
BME680;2025-12-19-10-30-00;0.97739;19.3278;51.4883
BME680;2025-12-19-10-40-00;0.97746;19.3946;68.7621
BME680;2025-12-19-10-50-00;0.97754;19.4357;50.6221
BME680;2025-12-19-11-00-00;0.97754;19.4831;71.1663
BME680;2025-12-19-11-20-00;0.97738;19.4503;52.0651
BME680;2025-12-19-11-30-00;0.97729;19.4548;57.2955
BME680;2025-12-19-11-40-00;0.97725;19.5054;52.3515
BME680;2025-12-19-11-50-00;0.97726;19.5439;50.1542
BME680;2025-12-19-12-00-00;0.97732;19.5637;69.5256
BME680;2025-12-19-12-10-00;0.97734;19.5252;50.8163
BME680;2025-12-19-12-20-00;0.97726;19.5309;61.9595
BME680;2025-12-19-12-30-00;0.97719;19.5487;57.1214
BME680;2025-12-19-12-40-00;0.97716;19.6092;72.7276
BME680;2025-12-19-12-50-00;0.97709;19.6025;54.4448
BME680;2025-12-19-13-00-00;0.97698;19.3727;46.7972
BME680;2025-12-19-13-10-00;0.97688;19.2421;58.3418
BME680;2025-12-19-13-20-00;0.97682;19.3065;56.4787
BME680;2025-12-19-13-30-00;0.97678;19.4971;63.7537
BME680;2025-12-19-13-40-00;0.97674;19.5669;74.5678
BME680;2025-12-19-13-50-00;0.97667;19.6044;68.6648
BME680;2025-12-19-14-00-00;0.97661;19.6251;68.8357
BME680;2025-12-19-14-10-00;0.97656;19.6563;74.7994
BME680;2025-12-19-14-20-00;0.97649;19.6643;61.5455
BME680;2025-12-19-14-30-00;0.97644;19.692;75.6145
BME680;2025-12-19-14-40-00;0.97644;19.7076;76.8632
BME680;2025-12-19-14-50-00;0.97636;19.5831;59.8077
BME680;2025-12-19-15-00-00;0.9762;19.5162;48.0411
BME680;2025-12-19-15-10-00;0.97616;19.5551;53.7236
BME680;2025-12-19-15-20-00;0.97623;19.585;66.1887
BME680;2025-12-19-15-30-00;0.97632;19.6846;73.4404
BME680;2025-12-19-15-40-00;0.97641;19.7814;74.7592
BME680;2025-12-19-15-50-00;0.97643;19.8034;72.4528
BME680;2025-12-19-16-00-00;0.97644;19.7996;72.9278
BME680;2025-12-19-16-10-00;0.97638;19.7308;69.6023
BME680;2025-12-19-16-20-00;0.97627;19.6449;57.3809
BME680;2025-12-19-16-30-00;0.97614;19.6369;60.7844
BME680;2025-12-19-16-40-00;0.97609;19.7299;67.9495
BME680;2025-12-19-16-50-00;0.97607;19.8467;68.5831
BME680;2025-12-19-17-00-00;0.97602;19.9049;52.6648
BME680;2025-12-19-17-10-00;0.97599;19.9132;71.5963
BME680;2025-12-19-17-20-00;0.97599;19.9164;75.9587
BME680;2025-12-19-17-30-00;0.97596;19.868;61.3042
BME680;2025-12-19-17-40-00;0.97594;19.846;77.217
BME680;2025-12-19-17-50-00;0.97596;19.8518;76.2209
BME680;2025-12-19-18-00-00;0.97595;19.8543;77.31
BME680;2025-12-19-18-10-00;0.97591;19.8741;73.6539
BME680;2025-12-19-18-20-00;0.97586;19.8747;74.041
BME680;2025-12-19-18-30-00;0.97578;19.8769;74.9948
BME680;2025-12-19-18-40-00;0.97572;19.8884;74.5794
BME680;2025-12-19-18-50-00;0.9757;19.8963;73.553
BME680;2025-12-19-19-00-00;0.97572;19.8925;76.634
BME680;2025-12-19-19-10-00;0.97575;19.9116;78.2102
BME680;2025-12-19-19-20-00;0.97575;19.9288;77.6685
BME680;2025-12-19-19-30-00;0.97573;19.9607;76.7808
BME680;2025-12-19-19-40-00;0.97574;19.974;76.6973
BME680;2025-12-19-19-50-00;0.97576;20.0052;74.4812
BME680;2025-12-19-20-00-00;0.97574;20.01;78.5082
BME680;2025-12-19-20-10-00;0.9757;19.9511;56.2981
BME680;2025-12-19-20-20-00;0.97566;19.9333;77.5911
BME680;2025-12-19-20-30-00;0.97564;19.8177;75.7956
BME680;2025-12-19-20-40-00;0.97559;19.7983;77.5903
BME680;2025-12-19-20-50-00;0.9755;19.8072;63.0385
BME680;2025-12-19-21-00-00;0.97541;19.7805;57.215
BME680;2025-12-19-21-10-00;0.97537;19.8043;68.9261
BME680;2025-12-19-21-20-00;0.97534;19.8779;65.2067
BME680;2025-12-19-21-30-00;0.97531;19.9282;63.0374
BME680;2025-12-19-21-40-00;0.97526;19.9457;70.3489
BME680;2025-12-19-21-50-00;0.97524;19.9368;61.5516
BME680;2025-12-19-22-00-00;0.97516;19.903;59.7077
BME680;2025-12-19-22-10-00;0.97506;19.8683;55.22
BME680;2025-12-19-22-20-00;0.97496;19.8486;58.195
BME680;2025-12-19-22-30-00;0.97491;19.832;64.5175
BME680;2025-12-19-22-40-00;0.97488;19.8553;55.6775
BME680;2025-12-19-22-50-00;0.97481;19.8706;53.6688
BME680;2025-12-20-06-20-00;0.97399;19.8846;56.2332
BME680;2025-12-20-06-30-00;0.97267;19.847;48.2696
BME680;2025-12-20-06-40-00;0.97209;19.8317;68.0147
BME680;2025-12-20-06-50-00;0.9719;19.7881;66.8608
BME680;2025-12-20-07-00-00;0.9718;19.7671;57.4194
BME680;2025-12-20-07-10-00;0.97177;19.7712;73.0136
BME680;2025-12-20-07-20-00;0.97181;19.7986;62.2547
BME680;2025-12-20-07-30-00;0.97183;19.8008;65.232
BME680;2025-12-20-07-40-00;0.97186;19.7821;75.2569
BME680;2025-12-20-07-50-00;0.97189;19.77;75.3883
BME680;2025-12-20-08-00-00;0.97188;19.7292;77.3431
BME680;2025-12-20-08-10-00;0.97186;19.7782;71.3725
BME680;2025-12-20-08-30-00;0.97164;20.0253;73.7273
BME680;2025-12-20-08-40-00;0.97159;20.0995;63.1037
BME680;2025-12-20-08-50-00;0.97154;20.1201;77.8133
BME680;2025-12-20-09-00-00;0.97152;20.1068;78.3546
BME680;2025-12-20-09-10-00;0.97154;20.0788;80.5093
BME680;2025-12-20-09-20-00;0.97156;20.0221;56.5501
BME680;2025-12-20-09-30-00;0.9715;20.0351;64.2971
BME680;2025-12-20-09-40-00;0.97152;20.0316;69.0474
BME680;2025-12-20-09-50-00;0.97157;20.0103;76.8923
BME680;2025-12-20-10-00-00;0.97159;20.0055;76.5763
BME680;2025-12-20-10-10-00;0.97163;20.0116;70.7555
BME680;2025-12-20-10-20-00;0.97165;20.038;71.4806
BME680;2025-12-20-10-30-00;0.97164;20.094;65.3785
BME680;2025-12-20-10-40-00;0.97163;20.1179;66.1556
BME680;2025-12-20-10-50-00;0.97156;20.0959;74.0207
BME680;2025-12-20-11-00-00;0.97147;20.0768;76.8335
BME680;2025-12-20-11-10-00;0.97136;20.1147;65.1944
BME680;2025-12-20-11-20-00;0.97125;20.1714;61.9742
BME680;2025-12-20-11-30-00;0.97111;20.2332;64.3211
BME680;2025-12-20-11-40-00;0.97097;20.2965;62.0719
BME680;2025-12-20-11-50-00;0.9709;20.3083;63.521
BME680;2025-12-20-12-00-00;0.97083;20.3338;63.2819
BME680;2025-12-20-12-10-00;0.97072;20.3427;66.4241
